"project__PROJECT_NUMBER"	"project__PROJECT_TITLE"	"project__source_url"	"project__PROJECT_START_DATE"	"project__PROJECT_OBJECTIVE"	"institution_data__INSTITUTION_NAME"	"institution_data__INSTITUTION_ADDRESS1"	"institution_data__INSTITUTION_CITY"	"institution_data__INSTITUTION_STATE"	"institution_data__INSTITUTION_COUNTRY"	"institution_data__INSTITUTION_ZIP"	"institution_index__inst_id"	"agency_index__aid"	"comment"
"OC/EFSA/PRAS/2015/05"	"Review of the published exposure data on pesticides for residents and bystanders and for environmental risk assessment."	"http://ted.europa.eu/udl?uri=TED:NOTICE:3-2016:TEXT:EN:HTML&src=0"	"2015"	"The purpose of this assignment is to collect all data published in the last 25 years (from 1.1.1990 onwards) on: — resident and bystander exposure to pesticides, including references made in the public consultation to the EFSA GD and the collection and analysis of data produced and available to international organisations (e.g. US EPA), — daily air concentrations of substances based on vapour pressure, — drift values from spray, seed and granular applications through collection and analysis of published papers and other data available through e.g. grey literature, — dislodgeable foliar residue (DFR) through collection and analysis of published papers and other data available through e.g. grey literature."	"University of Hertfordshire "	" College Lane "	"Hatfield"	""	"184"	" AL10 9AB"	"-1"	"122"	""
"OC/EFSA/SCER/2015/02"	"Food chain analysis of selected aquaculture species products: identification and monitoring of vulnerabilities and drivers of change for the identification of emerging risks."	"http://ted.europa.eu/udl?uri=TED:NOTICE:5-2016:TEXT:EN:HTML&src=0"	"2015"	"Results from this project should provide indications on the applicability of the food chain analysis for the identification of vulnerabilities and emerging risks on selected species from the fish saltwater aquaculture in order to inform and target EFSA emerging risk intelligence gathering activities. In addition, results from this project should allow interested decision-makers to tailor management strategies for mitigating actions."	"Stichting Dienst Landbouwkundig Onderzoek RIKILT "	" Droevendaalsesteeg 4 "	"Wageningen"	""	"123"	" 6708 PB"	"-1"	"122"	""
"OC/EFSA/FEED/2015/01"	"Database on the taxonomical identification and potential toxigenic capacities of non-QPS production strains of industrially produced food and feed additives."	"http://ted.europa.eu/udl?uri=TED:NOTICE:2-2016:TEXT:EN:HTML&src=0"	"2015"	"The aim of this procurement procedure is to conclude a direct contract for the preparation of a database from a review on the taxonomical identification and potential toxigenic capacities of microorganisms used for the industrial production of feed additives and food enzymes."	"AINIA "	" Parque tecnológico de Valencia, Avinguda de Benjamin Franklin, 5–11 "	"Paterna"	""	"162"	" 46980"	"-1"	"122"	""
"OC/EFSA/PRAS/2015/06"	"Human biomonitoring data collection from occupational exposure to pesticides."	"http://ted.europa.eu/udl?uri=TED:NOTICE:434796-2015:TEXT:EN:HTML"	"2015"	"The main objective of the procurement is to review available information (from 1990 onward) on human biomonitoring (HBM) of pesticides (or metabolites) in occupational settings and collect data from HBM studies/surveillance programmes."	"Risk & Policy Analysts Ltd "	" Farthing Green House, 1 Beccles Road, Norfolk "	"Loddon"	""	"184"	" NR14 6LT"	"-1"	"122"	""
"OC/EFSA/PRAS/2015/04"	"Data collection for the estimation of ecological data (specific focal species, time spent in the treated areas collecting food, composition of diet), residue level and residue decline of pesticides on food items to be used in risk assessment for birds and mammals."	"http://ted.europa.eu/udl?uri=TED:NOTICE:438490-2015:TEXT:EN:HTML"	"2015"	"The main objectives of the contract resulting from the present procurement procedure are to collect and harmonise: (i) the available ecological data (e.g. focal species per geographical area and crop, time spent in treated areas collecting food (PT), diet composition data obtained in the treated areas (PD)); (ii) data from residue trials including both residue levels and residue decline to be used for risk assessment of birds and mammals under the regulatory framework of Regulation (EC) 1107/2009 of the European Parliament and of the Council."	"Alterra (Institute within the legal entity Stichting DLO — Wageningen University); AGES and ANSES "	" Droevendaalsesteeg 4 "	"Wageningen"	""	"123"	" 6708 PB"	"-1"	"122"	""
"OC/EFSA/AMU-library/2015/01"	"Purchase of document delivery services."	"http://ted.europa.eu/udl?uri=TED:NOTICE:408690-2015:TEXT:EN:HTML&src=0"	"2015"	"Provision of a wide range of published papers, mainly related to scientific fields (STM scientific, technical and medical subjects) with a minority related to legal/IT/management issues. The documents could be: articles (from a wide range of academic journals including scanned documents from sources that only exist in hard copy format) and book chapters in published literature; articles and book chapters from rare publishers, grey literature such as scientific and technical reports; proceedings; dissertations; Bibra toxicity profiles; ISO, UN-ISO, UNI-EN-ISO documents. These documents must be provided in electronic format; PDF is the preferred format. — The provision of a Web-based interface (hosted by the supplier's server) that EFSA scientific staff (250 more or less) can access using a personal profile to browse the bibliographic database of the supplier (connected to publishers' websites and databases) and order articles. — A high level of customer service to assist EFSA with administrative and technical issues."	"Reprints Desk Inc "	" 5435 Balboa Blvd, Suite 202 "	"Encino"	"6"	"1"	"  91316"	"-1"	"122"	""
"OC/EFSA/PRAS/2015/01"	"Biological relevance of the magnitude of effects (considering mortality, sub-lethal and reproductive effects) observed in studies with amphibians and reptiles in view of population level impacts on amphibians and reptiles."	"http://ted.europa.eu/udl?uri=TED:NOTICE:24834-2016:TEXT:EN:HTML&tabId=1"	"2015"	"In order to support the development of a sound and robust scientific risk assessment scheme it is necessary to collect information on the biological relevance of effects (e.g. mortality, sub-lethal and reproductive effects) observed in laboratory studies in view of population-level impacts on amphibians and reptiles. The aim is to have a basis for suggesting extrapolation factors for future risk assessment schemes. The collected data will later on be used to make a link between effects observed in the laboratory studies to population-level effects and to establish a basis for deriving trigger values for first-tier assessments which are based on laboratory studies."	"University of Koblenz-Landau UNI-KO-LD, in consortium with University of Aveiro Portugal "	" Rhabanusstraße 3 "	"Mainz"	""	"67"	" 55118"	"-1"	"122"	""
"OC/EFSA/GMO/2015/01"	"Literature review of baseline information to support the risk assessment of RNAi-based GM plants."	"http://ted.europa.eu/udl?uri=TED:NOTICE:424507-2015:TEXT:EN:HTML"	"2015"	"The subject matter of the contract is the literature review of scientific information on RNAi to support the molecular characterisation of RNAi-based GM plants."	"Institute of Molecular Genetics of the Academy of Sciences of the Czech Republic (IMG)/EcoMole Ltd "	" Vide?ská 1083 "	"Prague"	""	"46"	" 142 20"	"-1"	"122"	""
"OC/EFSA/ALPHA/2015/01"	"Data collection, literature review and spatial models for virus spread in preparation to the mandate on avian influenza’."	"http://ted.europa.eu/udl?uri=TED:NOTICE:340264-2015:TEXT:EN:HTML&src=0"	"2015"	"The overall objective of the contract resulting from this procurement procedure is to carry out collection of data from past EU outbreaks of AI, literature reviews on the introduction of AI in the EU and the development of spatial models for the spread of AI into EU poultry holdings."	"Erasmus University Medical Centre "	" 's-Gravendijkwal 230 "	"Rotterdam"	""	"123"	" 3015 CE"	"-1"	"122"	""
"OC/EFSA/CORSER/2015/09"	"Canteen, cafeteria and catering services and supply of coffee and other drinks for meetings."	"http://ted.europa.eu/udl?uri=TED:NOTICE:440496-2015:TEXT:EN:HTML&tabId=0"	"2015"	"The scope of this invitation to tender is to enter into a framework contract and service concession for 1 year + automatic renewal up to 3 times to give a maximum term of 4 consecutive years with an economic operator able to provide the following: A) at the headquarters of the European Food Safety Authority (EFSA), via Carlo Magno 1/A, Parma: — canteen and cafeteria services, — water coolers (including bottles) on floors and in meeting rooms; B) at the EFSA headquarters, via Carlo Magno 1/A and/or at the Palazzo Ducale, Parma: — coffee and other drinks for meetings, — catering service for events."	"Serenissima Ristorazione SpA "	" viale della Scienza 26 "	"Vicenza"	""	"85"	" 36100"	"-1"	"122"	""
"OC/EFSA/AMU/2015/02"	"Assistance to the Assessment and Methodological Support Unit for the provision of services to EFSA on R coding, programming, ad hoc R consultation (bug fixing, convergence issues faced, code optimisation), and the provision of a scalable high-performance computing environment upon request."	"http://ted.europa.eu/udl?uri=TED:NOTICE:417309-2015:TEXT:EN:HTML"	"2015"	"The objectives of the contract resulting from the present procurement procedure are as follows: 1. development of Web interfaces and a platform to host Web applications; 2. to provide scalable high-performance computing (HPC) infrastructure; 3. to foresee potential needs for R knowledge updates (training on R programming) in-house; 4. ad hoc consultancy."	"OpenAnalytics NV "	" Jupiterstraat 20 "	"Antwerp"	""	"18"	" 2600"	"-1"	"122"	""
"OC/EFSA/DATA/2015/03"	"Support to national dietary surveys in compliance with the EU menu methodology (fifth support)."	"http://ted.europa.eu/udl?uri=TED:NOTICE:444393-2015:TEXT:EN:HTML"	"2015"	"The aim of this procurement procedure is to award direct service contracts to organisations from EU Member States, and from Iceland, Norway and Switzerland, which have a governmental mandate to carry out a dietary survey at national level in the period from 2015 to 2020 and a national dietary survey has not been carried out within the country in the last 5 years for the planned target group. Under the resulting contracts the contractor(s) should either adapt or develop the methodology to be used in these surveys according to the EFSA guidance on the EU menu methodology. The dietary data collected through the contracts should be available for EFSA's scientific activities without restrictions on its use."	"National Food and Nutrition Institute "	" Powsi?ska Street 61/63 "	"Warsaw"	""	"138"	" 02-903"	"-1"	"122"	""
"OC/EFSA/DATA/2015/03"	"Support to national dietary surveys in compliance with the EU menu methodology (fifth support)."	"http://ted.europa.eu/udl?uri=TED:NOTICE:444393-2015:TEXT:EN:HTML"	"2015"	"The aim of this procurement procedure is to award direct service contracts to organisations from EU Member States, and from Iceland, Norway and Switzerland, which have a governmental mandate to carry out a dietary survey at national level in the period from 2015 to 2020 and a national dietary survey has not been carried out within the country in the last 5 years for the planned target group. Under the resulting contracts the contractor(s) should either adapt or develop the methodology to be used in these surveys according to the EFSA guidance on the EU menu methodology. The dietary data collected through the contracts should be available for EFSA's scientific activities without restrictions on its use."	"National Institute for Health and Welfare "	" PO Box 30, Mannerheimintie 166 A "	"Helsinki"	""	"62"	" FI-00271"	"-1"	"122"	""
"OC/EFSA/DATA/2015/03"	"Support to national dietary surveys in compliance with the EU menu methodology (fifth support)."	"http://ted.europa.eu/udl?uri=TED:NOTICE:444393-2015:TEXT:EN:HTML"	"2015"	"The aim of this procurement procedure is to award direct service contracts to organisations from EU Member States, and from Iceland, Norway and Switzerland, which have a governmental mandate to carry out a dietary survey at national level in the period from 2015 to 2020 and a national dietary survey has not been carried out within the country in the last 5 years for the planned target group. Under the resulting contracts the contractor(s) should either adapt or develop the methodology to be used in these surveys according to the EFSA guidance on the EU menu methodology. The dietary data collected through the contracts should be available for EFSA's scientific activities without restrictions on its use."	"National Food and Nutrition Institute "	" Powsi?ska Street 61/63 "	"Warsaw"	""	"138"	" 02-903"	"-1"	"122"	""
"OC/EFSA/SCER/2015/01"	"Modelling population dynamics of aquatic and terrestrial organisms using dynamic energy budget (DEB) models: application to risk assessment of chemical mixtures."	"http://ted.europa.eu/udl?uri=TED:NOTICE:429597-2015:TEXT:EN:HTML&src=0&tabId=0"	"2015"	"The overall objectives of the contract resulting from the present procurement procedure is to model population dynamics of aquatic and terrestrial organisms using DEB models and explore their potential applications for the ecological risk assessment of combined exposure to multiple chemicals ‘chemical mixtures’."	"Natural Environment Research Council/Terraprima/Akvaplan-niva AS "	" Polaris House, North Star Avenue "	"Swindon"	""	"184"	" SN2 1EU"	"-1"	"122"	""
"OC/EFSA/PRAS/2015/02"	"Development of a consolidated database covering EFSA pesticide outputs on active substances."	"http://ted.europa.eu/udl?uri=TED:NOTICE:376773-2015:TEXT:EN:HTML&tabId=0"	"2015"	"The overall objective of this call is the development and the completion of a searchable database covering the relevant pesticides' active substances outputs/endpoints. The database should also include the available information on relevant metabolites and relevant impurities as available for each active substance. The database should be flexible, allowing EFSA to include, in the future, additional fields and adaptations to the scientific and regulatory process."	"Istituto Superiore di Sanità "	" Viale Regina Elena 299 "	"Rome"	""	"85"	" 00161"	"-1"	"122"	""
"OC/EFSA/DATA/2015/02"	"Pilot project on the implementation of SSD2 in the frame of the electronic transmission of harmonised data collection of analytical results to EFSA."	"http://ted.europa.eu/udl?uri=TED:NOTICE:380560-2015:TEXT:EN:HTML&tabId=0"	"2015"	"The current call for tenders is a continuation of the previous one and aims to complete, extend and include an additional domain in the pilot implementation of SSD2 in order to facilitate the future adoption and implementation of SSD2 as a unique data model for different collections."	"Federal Office of Consumer Protection and Food Safety "	" Bundesallee 50 "	"Braunschweig"	""	"67"	" 38116"	"-1"	"122"	""
"OC/EFSA/DATA/2015/02"	"Pilot project on the implementation of SSD2 in the frame of the electronic transmission of harmonised data collection of analytical results to EFSA."	"http://ted.europa.eu/udl?uri=TED:NOTICE:380560-2015:TEXT:EN:HTML&tabId=0"	"2015"	"The current call for tenders is a continuation of the previous one and aims to complete, extend and include an additional domain in the pilot implementation of SSD2 in order to facilitate the future adoption and implementation of SSD2 as a unique data model for different collections."	"Croatian Food Agency in consortium with Croatian Veterinary Institute, Ministry of Health, Food Safety Authority of Ireland "	" Gunduli?a 36b "	"Osijek"	""	"43"	" 31000"	"-1"	"122"	""
"OC/EFSA/DATA/2015/02"	"Pilot project on the implementation of SSD2 in the frame of the electronic transmission of harmonised data collection of analytical results to EFSA."	"http://ted.europa.eu/udl?uri=TED:NOTICE:380560-2015:TEXT:EN:HTML&tabId=0"	"2015"	"The current call for tenders is a continuation of the previous one and aims to complete, extend and include an additional domain in the pilot implementation of SSD2 in order to facilitate the future adoption and implementation of SSD2 as a unique data model for different collections."	"Tecnologías de la Información S.L. (Avalon) in consortium with Spanish Agency for Consumer Affairs, Food Safety and Nutrition (Aecosan) "	" C/ Doctor Castelo, 10 1° A "	"Madrid"	""	"162"	" 28009"	"-1"	"122"	""
"OC/EFSA/DATA/2015/02"	"Pilot project on the implementation of SSD2 in the frame of the electronic transmission of harmonised data collection of analytical results to EFSA."	"http://ted.europa.eu/udl?uri=TED:NOTICE:380560-2015:TEXT:EN:HTML&tabId=0"	"2015"	"The current call for tenders is a continuation of the previous one and aims to complete, extend and include an additional domain in the pilot implementation of SSD2 in order to facilitate the future adoption and implementation of SSD2 as a unique data model for different collections."	"National Food Institute — Technical University of Denmark "	" Mørkhøj Bygade 19 "	""	""	"48"	""	"-1"	"122"	""
"OC/EFSA/DATA/2015/02"	"Pilot project on the implementation of SSD2 in the frame of the electronic transmission of harmonised data collection of analytical results to EFSA."	"http://ted.europa.eu/udl?uri=TED:NOTICE:380560-2015:TEXT:EN:HTML&tabId=0"	"2015"	"The current call for tenders is a continuation of the previous one and aims to complete, extend and include an additional domain in the pilot implementation of SSD2 in order to facilitate the future adoption and implementation of SSD2 as a unique data model for different collections."	"Finnish Food Safety Authority Evira "	" Mustialankatu 3 "	"Helsinki"	""	"62"	" FI-00790"	"-1"	"122"	""
"OC/EFSA/DATA/2015/02"	"Pilot project on the implementation of SSD2 in the frame of the electronic transmission of harmonised data collection of analytical results to EFSA."	"http://ted.europa.eu/udl?uri=TED:NOTICE:380560-2015:TEXT:EN:HTML&tabId=0"	"2015"	"The current call for tenders is a continuation of the previous one and aims to complete, extend and include an additional domain in the pilot implementation of SSD2 in order to facilitate the future adoption and implementation of SSD2 as a unique data model for different collections."	"Austrian Agency for Health and Food Safety GmbH — AGES "	" Spargelfeldstraße 191 "	"Vienna"	""	"11"	" 1220"	"-1"	"122"	""
"OC/EFSA/DATA/2015/02"	"Pilot project on the implementation of SSD2 in the frame of the electronic transmission of harmonised data collection of analytical results to EFSA."	"http://ted.europa.eu/udl?uri=TED:NOTICE:380560-2015:TEXT:EN:HTML&tabId=0"	"2015"	"The current call for tenders is a continuation of the previous one and aims to complete, extend and include an additional domain in the pilot implementation of SSD2 in order to facilitate the future adoption and implementation of SSD2 as a unique data model for different collections."	"Food and Veterinary Service (FVS) of the Republic of Latvia "	" Peldu Street 30 "	"Riga"	""	"95"	""	"-1"	"122"	""
"OC/EFSA/DATA/2015/02"	"Pilot project on the implementation of SSD2 in the frame of the electronic transmission of harmonised data collection of analytical results to EFSA."	"http://ted.europa.eu/udl?uri=TED:NOTICE:380560-2015:TEXT:EN:HTML&tabId=0"	"2015"	"The current call for tenders is a continuation of the previous one and aims to complete, extend and include an additional domain in the pilot implementation of SSD2 in order to facilitate the future adoption and implementation of SSD2 as a unique data model for different collections."	"State General Laboratory "	" Kimonos Street 44 "	"Nicosia"	""	"45"	" 1451"	"-1"	"122"	""
"OC/EFSA/DATA/2015/02"	"Pilot project on the implementation of SSD2 in the frame of the electronic transmission of harmonised data collection of analytical results to EFSA."	"http://ted.europa.eu/udl?uri=TED:NOTICE:380560-2015:TEXT:EN:HTML&tabId=0"	"2015"	"The current call for tenders is a continuation of the previous one and aims to complete, extend and include an additional domain in the pilot implementation of SSD2 in order to facilitate the future adoption and implementation of SSD2 as a unique data model for different collections."	"Instituto Nacional de Saúde Doutor Ricardo Jorge in consortium with Direção-Geral de Alimentação e Veterinária "	" Avenida Padre Cruz "	"Lisbon"	""	"139"	" 1649-016"	"-1"	"122"	""
"OC/EFSA/DATA/2015/02"	"Pilot project on the implementation of SSD2 in the frame of the electronic transmission of harmonised data collection of analytical results to EFSA."	"http://ted.europa.eu/udl?uri=TED:NOTICE:380560-2015:TEXT:EN:HTML&tabId=0"	"2015"	"The current call for tenders is a continuation of the previous one and aims to complete, extend and include an additional domain in the pilot implementation of SSD2 in order to facilitate the future adoption and implementation of SSD2 as a unique data model for different collections."	"National Food Chain Safety Office "	" Keleti Károly u. 24. "	"Budapest"	""	"77"	" 1024"	"-1"	"122"	""
"OC/EFSA/DATA/2015/02"	"Pilot project on the implementation of SSD2 in the frame of the electronic transmission of harmonised data collection of analytical results to EFSA."	"http://ted.europa.eu/udl?uri=TED:NOTICE:380560-2015:TEXT:EN:HTML&tabId=0"	"2015"	"The current call for tenders is a continuation of the previous one and aims to complete, extend and include an additional domain in the pilot implementation of SSD2 in order to facilitate the future adoption and implementation of SSD2 as a unique data model for different collections."	"National Food and Veterinary Risk Assessment Institute "	" J. Kairiukscio st. 10 "	"Vilnius"	""	"101"	" LT-08409"	"-1"	"122"	""
"OC/EFSA/AMU/2015/01"	"Assistance to the Assessment Methodology Unit for statistical analyses, data management and ad hoc consultation upon request."	"http://ted.europa.eu/udl?uri=TED:NOTICE:371539-2015:TEXT:EN:HTML&tabId=0"	"2015"	"The framework contractors selected must be able to conduct specific statistical and data management tasks and training courses upon request. Such tasks may include data analysis, data management, statistical or mathematical modelling, simulation modelling, computational support, and methodological consultations or training. This may require the processing and loading of data in various formats (e.g. structured text files, SAS datasets, Excel spreadsheets, XML, MS Access and Oracle databases) and the use of specific software (e.g. R, WinBUGS, SAS, etc.)."	"Austrian Agency for Health and Food Safety (AGES) "	" Spargelfeldstraße 191 "	"Vienna"	""	"11"	" 1220"	"-1"	"122"	""
"OC/EFSA/AMU/2015/01"	"Assistance to the Assessment Methodology Unit for statistical analyses, data management and ad hoc consultation upon request."	"http://ted.europa.eu/udl?uri=TED:NOTICE:371539-2015:TEXT:EN:HTML&tabId=0"	"2015"	"The framework contractors selected must be able to conduct specific statistical and data management tasks and training courses upon request. Such tasks may include data analysis, data management, statistical or mathematical modelling, simulation modelling, computational support, and methodological consultations or training. This may require the processing and loading of data in various formats (e.g. structured text files, SAS datasets, Excel spreadsheets, XML, MS Access and Oracle databases) and the use of specific software (e.g. R, WinBUGS, SAS, etc.)."	"Viaeterna/TNO/Santoxar "	" Zandstraat 8 "	"Rosmalen"	""	"123"	" 5242 GR"	"-1"	"122"	""
"OC/EFSA/AMU/2015/01"	"Assistance to the Assessment Methodology Unit for statistical analyses, data management and ad hoc consultation upon request."	"http://ted.europa.eu/udl?uri=TED:NOTICE:371539-2015:TEXT:EN:HTML&tabId=0"	"2015"	"The framework contractors selected must be able to conduct specific statistical and data management tasks and training courses upon request. Such tasks may include data analysis, data management, statistical or mathematical modelling, simulation modelling, computational support, and methodological consultations or training. This may require the processing and loading of data in various formats (e.g. structured text files, SAS datasets, Excel spreadsheets, XML, MS Access and Oracle databases) and the use of specific software (e.g. R, WinBUGS, SAS, etc.)."	"Universiteit Hasselt "	" Martelarenlaan 42 "	"Hasselt"	""	"18"	" 3500"	"-1"	"122"	""
"OC/EFSA/AMU/2015/01"	"Assistance to the Assessment Methodology Unit for statistical analyses, data management and ad hoc consultation upon request."	"http://ted.europa.eu/udl?uri=TED:NOTICE:371539-2015:TEXT:EN:HTML&tabId=0"	"2015"	"The framework contractors selected must be able to conduct specific statistical and data management tasks and training courses upon request. Such tasks may include data analysis, data management, statistical or mathematical modelling, simulation modelling, computational support, and methodological consultations or training. This may require the processing and loading of data in various formats (e.g. structured text files, SAS datasets, Excel spreadsheets, XML, MS Access and Oracle databases) and the use of specific software (e.g. R, WinBUGS, SAS, etc.)."	"Università degli Studi di Padova/Istituto Zooprofilattico Sperimentale del Piemonte/Politecnico di Torino/Università degli Studi di Torino/Zeta Research Srl "	" via N. Giustiniani 2 "	"Padua"	""	"85"	" 35128"	"-1"	"122"	""
"OC/EFSA/AMU/2015/01"	"Assistance to the Assessment Methodology Unit for statistical analyses, data management and ad hoc consultation upon request."	"http://ted.europa.eu/udl?uri=TED:NOTICE:371539-2015:TEXT:EN:HTML&tabId=0"	"2015"	"The framework contractors selected must be able to conduct specific statistical and data management tasks and training courses upon request. Such tasks may include data analysis, data management, statistical or mathematical modelling, simulation modelling, computational support, and methodological consultations or training. This may require the processing and loading of data in various formats (e.g. structured text files, SAS datasets, Excel spreadsheets, XML, MS Access and Oracle databases) and the use of specific software (e.g. R, WinBUGS, SAS, etc.)."	"PricewaterhouseCoopers EU Services/Agilis S.A "	" Woluwe Garden, Woluwedal 18 "	"Sint-Stevens-Woluwe"	""	"18"	" 1932"	"-1"	"122"	""
"OC/EFSA/DATA/2015/01"	"Implementation and testing of electronic submission in XML format of zoonoses, antimicrobial resistance and food-borne outbreak data and updating the historical datasets."	"http://ted.europa.eu/udl?uri=TED:NOTICE:393254-2015:TEXT:EN:HTML&tabId=1"	"2015"	"The aim of this procurement procedure is to award direct contracts for the execution of specific tasks over a clearly defined period defined in the tender specifications. Direct contracts will be awarded to organisations from EU Member States and other reporting countries (Albania, the former Yugoslav Republic of Macedonia, Iceland, Liechtenstein, Montenegro, Norway, Serbia and Switzerland) which have a governmental mandate to report data on zoonoses, antimicrobial resistance, food-borne outbreaks and animal populations in accordance with Directive 2003/99/EC of the European Parliament and of the Council."	"Ministry of Agriculture, Veterinary and Food Safety Directorate in consortium with: Ministry of Health, Health Promotion Directorate "	" Planinska 2a "	"Zagreb"	""	"43"	" 10000"	"-1"	"122"	""
"OC/EFSA/DATA/2015/01"	"Implementation and testing of electronic submission in XML format of zoonoses, antimicrobial resistance and food-borne outbreak data and updating the historical datasets."	"http://ted.europa.eu/udl?uri=TED:NOTICE:393254-2015:TEXT:EN:HTML&tabId=1"	"2015"	"The aim of this procurement procedure is to award direct contracts for the execution of specific tasks over a clearly defined period defined in the tender specifications. Direct contracts will be awarded to organisations from EU Member States and other reporting countries (Albania, the former Yugoslav Republic of Macedonia, Iceland, Liechtenstein, Montenegro, Norway, Serbia and Switzerland) which have a governmental mandate to report data on zoonoses, antimicrobial resistance, food-borne outbreaks and animal populations in accordance with Directive 2003/99/EC of the European Parliament and of the Council."	"Ministry of Agriculture, Rural Development and Environment, Veterinary Services "	" Athalassa "	"Nicosia"	""	"45"	" 1417"	"-1"	"122"	""
"OC/EFSA/HUCAP/2015/01"	"Selection of a medical adviser for the European Food Safety Authority."	"http://ted.europa.eu/udl?uri=TED:NOTICE:253744-2015:TEXT:EN:HTML"	"2015"	"The aim of this procurement procedure is to conclude a framework contract for 4 years with 1 contractor for the provision of the services: a) pre-employment medical visits; b) annual medical visits; c) occupational health; d) travel medicine; e) infirmary; f) committees and networking; g) administrative management; h) reports; i) ad hoc consultancy."	"Medlavitalia s.r.l. "	" Galleria Crocetta 10/A "	"Parma"	""	"85"	" 43126"	"-1"	"122"	""
"OC/EFSA/CORSER/2015/01"	"Insurance services for EFSA."	"http://ted.europa.eu/udl?uri=TED:NOTICE:221694-2015:TEXT:EN:HTML&tabId=0"	"2015"	"The aim of this contract is to enter into a framework service contract with an insurance company that can provide insurance cover as described in Annexes 7.1 All risks for electronic devices — 7.2 Theft and robbery involving movable goods — 7.3 Fire and additional risks for movable and immovable assets."	"Unipolsai Assicurazioni SPA "	" via Stalingrado n. 45 "	"Bologna"	""	"85"	" 40128"	"-1"	"122"	""
"OC/EFSA/FINANCE/2014/02"	"Management consultancy services."	"http://ted.europa.eu/udl?uri=TED:NOTICE:231314-2015:TEXT:EN:HTML"	"2015"	"This tender aims at providing to EFSA management a multi-annual block of management consulting services related to business transformation and operational development relevant to improving EFSA's value, effectiveness and efficiency."	"PwC EU services "	" Woluwe Garden, Woluwedal 18 "	"Sint-Stevens-Woluwe"	""	"18"	" 1932"	"-1"	"122"	""
"OC/EFSA/FINANCE/2014/02"	"Management consultancy services."	"http://ted.europa.eu/udl?uri=TED:NOTICE:231314-2015:TEXT:EN:HTML"	"2015"	"This tender aims at providing to EFSA management a multi-annual block of management consulting services related to business transformation and operational development relevant to improving EFSA's value, effectiveness and efficiency."	"Ernst & Young Financial-Business Advisors S.p.A. & Unisys Belgium "	" via Fernanda Wittgens 6 "	"Milan"	""	"85"	""	"-1"	"122"	""
"OC/EFSA/FINANCE/2014/02"	"Management consultancy services."	"http://ted.europa.eu/udl?uri=TED:NOTICE:231314-2015:TEXT:EN:HTML"	"2015"	"This tender aims at providing to EFSA management a multi-annual block of management consulting services related to business transformation and operational development relevant to improving EFSA's value, effectiveness and efficiency."	"Deloitte Consulting "	" Berkenlaan 8B "	"Diegem"	""	"18"	" 1831"	"-1"	"122"	""
"OC/EFSA/AMU/2014/03"	"Training courses on expert knowledge elicitation."	"http://ted.europa.eu/udl?uri=TED:NOTICE:013771-2015:TEXT:EN:HTML"	"2014"	"Overall objectives: — establish standardised, easily accessible Web-based training (self-paced e-learning) (cp. lot 1) to ensure that all experts who are elicited or involved in an expert knowledge elicitation, have a common understanding of the background of the methodology applied, — conduct training for EFSA experts from the Scientific Committee, EFSA panels and their working groups, as well as EFSA staff on how to steer an expert knowledge elicitation (cp. lot 2) to foster the use of the methodology."	"Grifo Multimedia Srl "	" via Galileo Galilei 15 "	"Ruvo"	""	"85"	" 70037"	"-1"	"122"	""
"OC/EFSA/AMU/2014/03"	"Training courses on expert knowledge elicitation."	"http://ted.europa.eu/udl?uri=TED:NOTICE:013771-2015:TEXT:EN:HTML"	"2014"	"Overall objectives: — establish standardised, easily accessible Web-based training (self-paced e-learning) (cp. lot 1) to ensure that all experts who are elicited or involved in an expert knowledge elicitation, have a common understanding of the background of the methodology applied, — conduct training for EFSA experts from the Scientific Committee, EFSA panels and their working groups, as well as EFSA staff on how to steer an expert knowledge elicitation (cp. lot 2) to foster the use of the methodology."	"DEFRA/FERA; Prof. Anthony O'Hagan; University of Strathclyde "	" YO41 1LZ Sand Hutton, York "	""	""	"184"	""	"-1"	"122"	""
"OC/EFSA/AMU-Library/2014/01"	"Electronic journals, electronic databases and books/e-books acquisition."	"http://ted.europa.eu/udl?uri=TED:NOTICE:033244-2015:TEXT:EN:HTML"	"2014"	"The objective of the present procurement procedure is to select 1 tenderer for 1 or more lots for purchasing the items listed in the lots below: e-journals (collections and single titles) from different publishers; e-databases from different providers and books/e-books from different publishers and from different countries to minimise the administrative overheads and streamline the purchase procedures: This tender is divided into the following 4 lots: — lot 1: e-journals, — lot 2: e-databases — ISI Web of Science, — lot 3: e-databases — Scopus, — lot 4: books and e-books."	"EBSCO Information Services S.r.l. "	" via Gressoney 29/B "	"Turin"	""	"85"	" 10155"	"-1"	"122"	""
"OC/EFSA/SCER/2014/06"	"Integrating toxicokinetics in chemical risk assessment: application to human, animal and environmental risk assessment."	"http://ted.europa.eu/udl?uri=TED:NOTICE:029731-2015:TEXT:EN:HTML"	"2014"	"The overall objective is to develop tools and models to integrate TK data and predict TK parameters for human health, animal health and environmental risk assessment of single and multiple chemicals."	"La-ser Europe Ltd & Ineris France & Stichting Universiteit "	" International House, Paddington Street, 66 Chiltern Street "	"London"	""	"184"	" W1U 4JT"	"-1"	"122"	""
"OC/EFSA/COMM/2014/01"	"Quantitative and qualitative target audience research."	"http://ted.europa.eu/udl?uri=TED:NOTICE:95509-2015:TEXT:EN:HTML&tabId=1"	"2015"	"The objectives of the contract resulting from the present procurement procedure are as follows: 1. to ensure that EFSA has access to the provision of a full range of qualitative and quantitative research services in the following areas: — reviews (desk research), — primary research (collection and analysis of new data), — secondary analysis of existing data, — evaluation; 2. establishment of a reputation barometer that will regularly seek target audience perceptions of the European Food Safety Authority."	"ICF Consulting Services Limited "	" Watling House, 33 Cannon Street "	"London"	""	"184"	" EC4M 5SB"	"-1"	"122"	""
"OC/EFSA/COMM/2014/01"	"Quantitative and qualitative target audience research."	"http://ted.europa.eu/udl?uri=TED:NOTICE:95509-2015:TEXT:EN:HTML&tabId=1"	"2015"	"The objectives of the contract resulting from the present procurement procedure are as follows: 1. to ensure that EFSA has access to the provision of a full range of qualitative and quantitative research services in the following areas: — reviews (desk research), — primary research (collection and analysis of new data), — secondary analysis of existing data, — evaluation; 2. establishment of a reputation barometer that will regularly seek target audience perceptions of the European Food Safety Authority."	"Market & Opinion Research International Ltd "	" 79–81 Borough Road "	"London"	""	"184"	" SE1 1FY"	"-1"	"122"	""
"OC/EFSA/FIP/2014/01"	"Preparation of summary reports from dossiers on food enzymes from genetically modified microorganisms (GMM) or genetically modified plants."	"http://ted.europa.eu/udl?uri=TED:NOTICE:011968-2015:TEXT:EN:HTML"	"2014"	"The objective is to prepare summary reports of the information contained in the dossiers regarding the genetically modified production organism such as plant or basidiomycete or microbial sources. In the latter case information about the strain and its genetic stability, pathogenicity and toxigenicity will need to be summarised. As stipulated in the guidance document from the GMO panel on the risk assessment of genetically modified microorganisms and their products intended for food and feed use additional information to that provided in the technical part of the dossiers requested if the source material is a GMM."	"National Food Institute, Technical University of Denmark (DTU) "	" Mørkhøj Bygade 19 "	""	""	"48"	""	"-1"	"122"	""
"OC/EFSA/SCER/2014/05"	"Transformation and further development of the compendium of botanicals reported to contain naturally occurring substances of possible concern for human health when used in food and food supplements."	"http://ted.europa.eu/udl?uri=TED:NOTICE:029729-2015:TEXT:EN:HTML"	"2014"	"The overall objective of this procurement is to transform and further develop the EFSA compendium of botanicals reported to contain naturally occurring substances of possible concern for human health and increase its usefulness for competent authorities in EU Member States and other interested parties."	"Institute of Chemical Technology Prague, Techem CZ, s.r.o. "	" Technická 5 "	"Prague"	""	"46"	" 166 28"	"-1"	"122"	""
"OC/EFSA/SCER/2014/04"	"Review of literature on cyanobacteria toxins in food."	"http://ted.europa.eu/udl?uri=TED:NOTICE:029735-2015:TEXT:EN:HTML"	"2014"	"The overall objective of this procurement is to critically review available literature with the aim to gather information and evaluate the evidence for the occurrence of cyanotoxins in food (including supplements), their toxicological relevance, possible exposure scenarios from food consumption and data gaps."	"Istituto Superiore di Sanità (ISS) & ANSES France "	" viale Regina Elena 299 "	"Rome"	""	"85"	" 00161"	"-1"	"122"	""
"OC/EFSA/GMO/2014/01"	"Preparatory support for the statistical evaluation of the comparative assessment of GM plant field trials and for the evaluation of toxicological studies for GM plant food/feed safety."	"http://ted.europa.eu/udl?uri=TED:NOTICE:011965-2015:TEXT:EN:HTML"	"2014"	"The purpose for lot 1 is to provide statistical support to the EFSA GMO panel with respect to the statistical analysis of the collected data in relation to food and feed (FF) risk assessment according to the requirements described in the EFSA GMO panel STATS Opinion, incorporated in the FF GD and the Implementing Regulation (Regulation (EU) No 503/2013). The purpose for lot 2 is to provide preparatory support to the EFSA GMO panel for the evaluation of the compliance of toxicological studies, performed for the safety assessment of GM plants, to the appropriate standardised guidelines or to EFSA Scientific Committee guidance (2011b) as referred to in the Implementing Regulation (EU) 503/2013."	"University of Hasselt "	" Martelarenlaan 42 "	"Hasselt"	""	"18"	" 3500"	"-1"	"122"	""
"OC/EFSA/GMO/2014/01"	"Preparatory support for the statistical evaluation of the comparative assessment of GM plant field trials and for the evaluation of toxicological studies for GM plant food/feed safety."	"http://ted.europa.eu/udl?uri=TED:NOTICE:011965-2015:TEXT:EN:HTML"	"2014"	"The purpose for lot 1 is to provide statistical support to the EFSA GMO panel with respect to the statistical analysis of the collected data in relation to food and feed (FF) risk assessment according to the requirements described in the EFSA GMO panel STATS Opinion, incorporated in the FF GD and the Implementing Regulation (Regulation (EU) No 503/2013). The purpose for lot 2 is to provide preparatory support to the EFSA GMO panel for the evaluation of the compliance of toxicological studies, performed for the safety assessment of GM plants, to the appropriate standardised guidelines or to EFSA Scientific Committee guidance (2011b) as referred to in the Implementing Regulation (EU) 503/2013."	"National Food Institute, Technical University of Denmark (DTU) "	" Mørkhøj Bygade 19 "	""	""	"48"	""	"-1"	"122"	""
"OC/EFSA/AMU/2014/02"	"Machine learning techniques applied in risk assessment related to food safety."	"http://ted.europa.eu/udl?uri=TED:NOTICE:033245-2015:TEXT:EN:HTML"	"2014"	"A scientifically-based evaluation of the potential use of machine learning techniques (MLT) should be elaborated to provide insights for the elaboration of a guidance document and to facilitate the harmonisation in EFSA's assessments."	"Istituto Zooprofilattico Sperimentale del Piemonte, Liguria e Valle d'Aosta & University of Padova & University of Turin & Zeta Research S.r.l. "	" via Bologna 148 "	"Turin"	""	"85"	" 10154"	"-1"	"122"	""
"OC/EFSA/DATA/2014/02"	"Support to national dietary surveys in compliance with the EU menu methodology (fourth support)."	"http://ted.europa.eu/udl?uri=TED:NOTICE:40952-2015:TEXT:EN:HTML"	"2014"	"The aim of this procurement procedure is to award direct service contracts to organisations from EU Member States, and from Norway and Iceland which have a governmental mandate to carry out a dietary survey at national level in the period from 2014 to 2019. Under the resulting contracts the contractor(s) should either adapt or develop the methodology to be used in these surveys according to the EFSA EU menu methodology. The dietary data collected through the contracts should be available for EFSA's scientific activities without restrictions on its use."	"National Food Chain Safety Office "	" Keleti Károly utca 24. "	"Budapest"	""	"77"	" 1024"	"-1"	"122"	""
"OC/EFSA/DATA/2014/02"	"Support to national dietary surveys in compliance with the EU menu methodology (fourth support)."	"http://ted.europa.eu/udl?uri=TED:NOTICE:40952-2015:TEXT:EN:HTML"	"2014"	"The aim of this procurement procedure is to award direct service contracts to organisations from EU Member States, and from Norway and Iceland which have a governmental mandate to carry out a dietary survey at national level in the period from 2014 to 2019. Under the resulting contracts the contractor(s) should either adapt or develop the methodology to be used in these surveys according to the EFSA EU menu methodology. The dietary data collected through the contracts should be available for EFSA's scientific activities without restrictions on its use."	"National Institute of Public Health & Josef Stefan Institute & Nutrition Institute, University of Ljubljana, University Medical Centre Ljubljana "	" Trubarjeva cesta 2 "	"Ljubljana"	""	"157"	" SI-1000"	"-1"	"122"	""
"OC/EFSA/DATA/2014/02"	"Support to national dietary surveys in compliance with the EU menu methodology (fourth support)."	"http://ted.europa.eu/udl?uri=TED:NOTICE:40952-2015:TEXT:EN:HTML"	"2014"	"The aim of this procurement procedure is to award direct service contracts to organisations from EU Member States, and from Norway and Iceland which have a governmental mandate to carry out a dietary survey at national level in the period from 2014 to 2019. Under the resulting contracts the contractor(s) should either adapt or develop the methodology to be used in these surveys according to the EFSA EU menu methodology. The dietary data collected through the contracts should be available for EFSA's scientific activities without restrictions on its use."	"Consiglio per la Ricerca e la Sperimentazione in Agricoltura-Centro Ricerca per gli Alimenti e la Nutrizione (CRA-NUT) "	" via Nazionale 82 "	"Rome"	""	"85"	" 00184"	"-1"	"122"	""
"OC/EFSA/DATA/2014/02"	"Support to national dietary surveys in compliance with the EU menu methodology (fourth support)."	"http://ted.europa.eu/udl?uri=TED:NOTICE:40952-2015:TEXT:EN:HTML"	"2014"	"The aim of this procurement procedure is to award direct service contracts to organisations from EU Member States, and from Norway and Iceland which have a governmental mandate to carry out a dietary survey at national level in the period from 2014 to 2019. Under the resulting contracts the contractor(s) should either adapt or develop the methodology to be used in these surveys according to the EFSA EU menu methodology. The dietary data collected through the contracts should be available for EFSA's scientific activities without restrictions on its use."	"Hellenic Health Foundation "	" Kaisareias 13 & Alexandroupoleos "	"Athens"	""	"69"	" 115 27"	"-1"	"122"	""
"OC/EFSA/DATA/2014/02"	"Support to national dietary surveys in compliance with the EU menu methodology (fourth support)."	"http://ted.europa.eu/udl?uri=TED:NOTICE:40952-2015:TEXT:EN:HTML"	"2014"	"The aim of this procurement procedure is to award direct service contracts to organisations from EU Member States, and from Norway and Iceland which have a governmental mandate to carry out a dietary survey at national level in the period from 2014 to 2019. Under the resulting contracts the contractor(s) should either adapt or develop the methodology to be used in these surveys according to the EFSA EU menu methodology. The dietary data collected through the contracts should be available for EFSA's scientific activities without restrictions on its use."	"National Food Chain Safety Office "	" Keleti Károly utca 24. "	"Budapest"	""	"77"	" 1024"	"-1"	"122"	""
"OC/EFSA/DATA/2014/02"	"Support to national dietary surveys in compliance with the EU menu methodology (fourth support)."	"http://ted.europa.eu/udl?uri=TED:NOTICE:40952-2015:TEXT:EN:HTML"	"2014"	"The aim of this procurement procedure is to award direct service contracts to organisations from EU Member States, and from Norway and Iceland which have a governmental mandate to carry out a dietary survey at national level in the period from 2014 to 2019. Under the resulting contracts the contractor(s) should either adapt or develop the methodology to be used in these surveys according to the EFSA EU menu methodology. The dietary data collected through the contracts should be available for EFSA's scientific activities without restrictions on its use."	"National Institute of Public Health & Jožef Stefan Institute & Nutrition Institute & University of Ljubljana & University of Maribor & University Medical Centre Ljubljana "	" Trubarjeva cesta 2 "	"Ljubljana"	""	"157"	" SI-1000"	"-1"	"122"	""
"OC/EFSA/DATA/2014/02"	"Support to national dietary surveys in compliance with the EU menu methodology (fourth support)."	"http://ted.europa.eu/udl?uri=TED:NOTICE:40952-2015:TEXT:EN:HTML"	"2014"	"The aim of this procurement procedure is to award direct service contracts to organisations from EU Member States, and from Norway and Iceland which have a governmental mandate to carry out a dietary survey at national level in the period from 2014 to 2019. Under the resulting contracts the contractor(s) should either adapt or develop the methodology to be used in these surveys according to the EFSA EU menu methodology. The dietary data collected through the contracts should be available for EFSA's scientific activities without restrictions on its use."	"Universität Wien "	" Universitätsring 1 "	"Vienna"	""	"11"	" 1010"	"-1"	"122"	""
"OC/EFSA/DATA/2014/02"	"Support to national dietary surveys in compliance with the EU menu methodology (fourth support)."	"http://ted.europa.eu/udl?uri=TED:NOTICE:40952-2015:TEXT:EN:HTML"	"2014"	"The aim of this procurement procedure is to award direct service contracts to organisations from EU Member States, and from Norway and Iceland which have a governmental mandate to carry out a dietary survey at national level in the period from 2014 to 2019. Under the resulting contracts the contractor(s) should either adapt or develop the methodology to be used in these surveys according to the EFSA EU menu methodology. The dietary data collected through the contracts should be available for EFSA's scientific activities without restrictions on its use."	"Consiglio per la Ricerca e la Sperimentazione in Agricoltura-Centro Ricerca per gli Alimenti e la Nutrizione (CRA-NUT) "	" via Nazionale 82 "	"Rome"	""	"85"	" 00184"	"-1"	"122"	""
"OC/EFSA/ALPHA/2014/01"	"Preparatory work for the scientific opinion on welfare assessment of dairy cows in small-scale farming systems."	"http://ted.europa.eu/udl?uri=TED:NOTICE:369429-2014:TEXT:EN:HTML&src=0"	"2014"	"The aim of this procurement procedure is to conclude a direct service contract for data collection for the description of European small-scale farms (SSFs) based on size, farming system and husbandry practices and categorisation of SSF based on quantified welfare risks."	"Institut national de la recherche agronomique — INRA & BOKU Austria & IRTA Spain & Università degli Studi di Milano "	" 147 rue de l'Université Paris, Cedex 07 "	"Paris"	""	"63"	" 75338"	"-1"	"122"	""
"OC/EFSA/SCER/2014/02"	"Specialised training courses on certain aspects of food safety risk assessment for members of EFSA's Scientific Committee/panels and their working groups, open to EFSA staff."	"http://ted.europa.eu/udl?uri=TED:NOTICE:029730-2015:TEXT:EN:HTML"	"2014"	"Overall objectives: — to enable the understandi